RealElapsedTime,Xdeg,Ydeg,Angle
2.8621927,0,22.5,315
2.8793501,0,22.5,315
2.8960968,0,22.5,315
2.9135665,0,22.5,315
2.9297283,0,22.5,315
2.9543873,0,22.5,315
2.9683102,0,22.5,315
2.9822104,0,22.5,315
2.9966057,0,22.5,315
3.015136,0,22.5,315
3.0303152,0,22.5,315
3.0485706,0,22.5,315
3.0649583,0,22.5,315
3.0818841,0,22.5,315
3.0983396,0,22.5,315
3.1137565,0,22.5,315
3.1291256,0,22.5,315
3.1469035,0,22.5,315
3.1624275,0,22.5,315
3.1806739,0,22.5,315
3.1956952,0,22.5,315
3.2139718,0,22.5,315
3.2292613,0,22.5,315
3.2479065,0,22.5,315
3.262267,0,22.5,315
3.2823544,0,22.5,315
3.2965077,0,22.5,315
3.3133319,0,22.5,315
3.3290043,0,22.5,315
3.3471923,0,22.5,315
3.3625487,0,22.5,45
3.3802557,0,22.5,45
3.3975291,0,22.5,45
3.4136822,0,22.5,45
3.4290678,0,22.5,45
3.4490612,0,22.5,45
3.4652617,0,22.5,45
3.4790577,0,22.5,45
3.4970033,0,22.5,45
3.5125242,0,22.5,45
3.5289937,0,22.5,45
3.5470808,0,22.5,45
3.5625351,0,22.5,45
3.5801867,0,22.5,45
3.595736,0,22.5,45
3.6140109,0,22.5,45
3.6296932,0,22.5,45
3.6466903,0,22.5,45
3.6623243,0,22.5,45
3.6905795,0,22.5,45
3.7031253,0,22.5,45
3.7152185,0,22.5,45
3.7287982,0,22.5,45
3.7449949,0,22.5,45
3.7672015,0,22.5,45
3.7829432,0,22.5,45
3.8008049,0,22.5,45
3.8202656,0,22.5,45
3.8328607,0,22.5,45
3.8506154,0,22.5,225
3.8671061,0,22.5,225
3.8864401,0,22.5,225
3.9009142,0,22.5,225
3.9191856,0,22.5,225
3.9347059,0,22.5,225
3.9490911,0,22.5,225
3.9664474,0,22.5,225
3.980518,0,22.5,225
3.9986844,0,22.5,225
4.0162532,0,22.5,225
4.0362008,0,22.5,225
4.054565,0,22.5,225
4.0753158,0,22.5,225
4.0999811,0,22.5,225
4.1159559,0,22.5,225
4.1336112,0,22.5,225
4.1521378,0,22.5,225
4.175112,0,22.5,225
4.1934534,0,22.5,225
4.200116,0,22.5,225
4.2207554,0,22.5,225
4.23957,0,22.5,225
4.252841,0,22.5,225
4.2621625,0,22.5,225
4.2793912,0,22.5,225
4.2952705,0,22.5,225
4.3136679,0,22.5,225
4.3294176,0,22.5,225
4.3473513,0,22.5,225
4.3626668,0,22.5,90
4.3805611,0,22.5,90
4.3968194,0,22.5,90
4.4143407,0,22.5,90
4.4325012,0,22.5,90
4.4467775,0,22.5,90
4.4612393,0,22.5,90
4.4784901,0,22.5,90
4.4953007,0,22.5,90
4.521571,0,22.5,90
4.5331842,0,22.5,90
4.5484833,0,22.5,90
4.5619591,0,22.5,90
4.5811886,0,22.5,90
4.6034242,0,22.5,90
4.6198557,0,22.5,90
4.6332283,0,22.5,90
4.6529249,0,22.5,90
4.6677106,0,22.5,90
4.6844917,0,22.5,90
4.7010253,0,22.5,90
4.7208371,0,22.5,90
4.7385496,0,22.5,90
4.7479213,0,22.5,90
4.7705356,0,22.5,90
4.7868349,0,22.5,90
4.8064474,0,22.5,90
4.8219371,0,22.5,90
4.8438037,0,22.5,90
4.8670849,0,22.5,270
4.884822,0,22.5,270
4.9004539,0,22.5,270
4.9163835,0,22.5,270
4.9351735,0,22.5,270
4.9489564,0,22.5,270
4.9676183,0,22.5,270
4.9846927,0,22.5,270
5.0013157,0,22.5,270
5.0185082,0,22.5,270
5.0371566,0,22.5,270
5.0493539,0,22.5,270
5.0676955,0,22.5,270
5.0847447,0,22.5,270
5.1031312,0,22.5,270
5.1188099,0,22.5,270
5.1379767,0,22.5,270
5.1543449,0,22.5,270
5.1710003,0,22.5,270
5.185711,0,22.5,270
5.2044162,0,22.5,270
5.2195979,0,22.5,270
5.2371184,0,22.5,270
5.2524542,0,22.5,270
5.2710172,0,22.5,270
5.2869537,0,22.5,270
5.3041998,0,22.5,270
5.3210043,0,22.5,270
5.3534551,0,22.5,0
5.3869766,0,22.5,0
5.4058422,0,22.5,0
5.4295545,0,22.5,0
5.4393253,0,22.5,0
5.4600797,0,22.5,0
5.4798549,0,22.5,0
5.4954252,0,22.5,0
5.5158834,0,22.5,0
5.529754,0,22.5,0
5.5474237,0,22.5,0
5.5635212,0,22.5,0
5.5808208,0,22.5,0
5.5957881,0,22.5,0
5.6140613,0,22.5,0
5.6296984,0,22.5,0
5.6476775,0,22.5,0
5.6645037,0,22.5,0
5.6825103,0,22.5,0
5.6976254,0,22.5,0
5.7172488,0,22.5,0
5.7318274,0,22.5,0
5.7504892,0,22.5,0
5.7646289,0,22.5,0
5.7815093,0,22.5,0
5.7993754,0,22.5,0
5.8176732,0,22.5,0
5.8286896,0,22.5,0
5.8459042,0,22.5,0
5.8632129,0,22.5,180
5.881399,0,22.5,180
5.8989254,0,22.5,180
5.9138376,0,22.5,180
5.9287963,0,22.5,180
5.9519249,0,22.5,180
5.9625209,0,22.5,180
5.9784829,0,22.5,180
5.9952331,0,22.5,180
6.0144015,0,22.5,180
6.032975,0,22.5,180
6.0517036,0,22.5,180
6.0668272,0,22.5,180
6.0824044,0,22.5,180
6.099202,0,22.5,180
6.115646,0,22.5,180
6.1307729,0,22.5,180
6.1492256,0,22.5,180
6.1691155,0,22.5,180
6.182457,0,22.5,180
6.1990809,0,22.5,180
6.2170673,0,22.5,180
6.2306577,0,22.5,180
6.2484865,0,22.5,180
6.263263,0,22.5,180
6.2811401,0,22.5,180
6.2964657,0,22.5,180
6.3142853,0,22.5,180
6.3310066,0,22.5,180
6.3474393,0,22.5,180
6.3630291,0,22.5,135
6.380785,0,22.5,135
6.3960975,0,22.5,135
6.4141584,0,22.5,135
6.4296137,0,22.5,135
6.4476989,0,22.5,135
6.4625328,0,22.5,135
6.4824431,0,22.5,135
6.4966537,0,22.5,135
6.5141847,0,22.5,135
6.5295098,0,22.5,135
6.5486811,0,22.5,135
6.563445,0,22.5,135
6.5808133,0,22.5,135
6.5976049,0,22.5,135
6.6135504,0,22.5,135
6.6291203,0,22.5,135
6.6474574,0,22.5,135
6.6624769,0,22.5,135
6.6809531,0,22.5,135
6.6959278,0,22.5,135
6.7151843,0,22.5,135
6.7295026,0,22.5,135
6.7469496,0,22.5,135
6.7634995,0,22.5,135
6.7803537,0,22.5,135
6.7963963,0,22.5,135
6.8135815,0,22.5,135
6.8292574,0,22.5,135
6.8468898,0,22.5,135
6.8636658,0,22.5,135
6.8821116,0,22.5,135
6.8977401,0,22.5,135
6.9141308,0,22.5,135
6.9296175,0,22.5,135
6.9497564,0,22.5,135
6.9652567,0,22.5,135
6.9805785,0,22.5,135
6.9958851,0,22.5,135
7.0137942,0,22.5,135
7.0313749,0,22.5,135
7.0475638,0,22.5,135
7.0625781,0,22.5,135
7.080769,0,22.5,135
7.0962797,0,22.5,135
7.1142727,0,22.5,135
7.129707,0,22.5,135
7.1472654,0,22.5,135
7.162901,0,22.5,135
7.1822647,0,22.5,135
7.1968569,0,22.5,135
7.2164095,0,22.5,135
7.2300576,0,22.5,135
7.2478051,0,22.5,135
7.2629018,0,22.5,135
7.2811941,0,22.5,135
7.2970292,0,22.5,135
7.3142063,0,22.5,135
7.3295373,0,22.5,135
7.3474296,0,22.5,135
7.3634517,0,22.5,135
7.3807681,0,22.5,135
7.3961136,0,22.5,135
7.4140241,0,22.5,135
7.4313891,0,22.5,135
7.4484515,0,22.5,135
7.4629787,0,22.5,135
7.4875117,0,22.5,135
7.4994342,0,22.5,135
7.5146328,0,22.5,135
7.5307204,0,22.5,135
7.547609,0,22.5,135
7.5628698,0,22.5,135
7.5808856,0,22.5,135
7.5966571,0,22.5,135
7.6140543,0,22.5,135
7.6295257,0,22.5,135
7.6469262,0,22.5,135
7.6628085,0,22.5,135
7.6810637,0,22.5,135
7.6960202,0,22.5,135
7.7162461,0,22.5,135
7.7300724,0,22.5,135
7.7486566,0,22.5,135
7.7629833,0,22.5,135
7.781074,0,22.5,135
7.7966683,0,22.5,135
7.8136206,0,22.5,135
7.829637,0,22.5,135
7.847403,0,22.5,135
7.8627776,0,22.5,135
7.8822303,0,22.5,135
7.8966788,0,22.5,135
7.9141204,0,22.5,135
7.9303215,0,22.5,135
7.9465582,0,22.5,135
7.9634249,0,22.5,135
7.981767,0,22.5,135
7.9953924,0,22.5,135
8.01288,0,22.5,135
8.0292676,0,22.5,135
8.0488821,0,22.5,135
8.0642905,0,22.5,135
8.0809181,0,22.5,135
8.0960481,0,22.5,135
8.1143632,0,22.5,135
8.1296542,0,22.5,135
8.1475538,0,22.5,135
8.1629662,0,22.5,135
8.1812833,0,22.5,135
8.1964479,0,22.5,135
8.2154677,0,22.5,135
8.2295717,0,22.5,135
8.2489619,0,22.5,135
8.264699,0,22.5,135
8.280293,0,22.5,135
8.2972426,0,22.5,135
8.313745,0,22.5,135
8.3293562,0,22.5,135
8.3472711,0,22.5,135
8.3625375,0,22.5,135
8.3803372,0,22.5,135
8.3960446,0,22.5,135
8.4138322,0,22.5,135
8.4312787,0,22.5,135
8.4487971,0,22.5,135
8.4658977,0,22.5,135
8.4814731,0,22.5,135
8.4965439,0,22.5,135
8.5147373,0,22.5,135
8.5294705,0,22.5,135
8.5481458,0,22.5,135
8.5631427,0,22.5,135
8.5803136,0,22.5,135
8.5958788,0,22.5,135
8.6139941,0,22.5,135
8.6301029,0,22.5,135
8.6477701,0,22.5,135
8.6628973,0,22.5,135
8.6826692,0,22.5,135
8.6966788,0,22.5,135
8.7169585,0,22.5,135
8.7312748,0,22.5,135
8.7461889,0,22.5,135
8.7611876,0,22.5,135
8.7786672,0,22.5,135
8.809337,22.5,45,45
8.8142486,22.5,45,45
8.8300304,22.5,45,45
8.8483568,22.5,45,45
8.8637618,22.5,45,45
8.8816651,22.5,45,45
8.8965172,22.5,45,45
8.9141663,22.5,45,45
8.9302371,22.5,45,45
8.9460707,22.5,45,45
8.9619241,22.5,45,45
8.9791505,22.5,45,45
8.9952528,22.5,45,45
9.0139576,22.5,45,45
9.0300933,22.5,45,45
9.0503914,22.5,45,45
9.0641492,22.5,45,45
9.081715,22.5,45,45
9.0962368,22.5,45,45
9.1136529,22.5,45,45
9.1293062,22.5,45,45
9.1470682,22.5,45,45
9.1627671,22.5,45,45
9.1813196,22.5,45,45
9.1984216,22.5,45,45
9.2145089,22.5,45,45
9.2317851,22.5,45,45
9.2478346,22.5,45,45
9.2629541,22.5,45,45
9.2817862,22.5,45,45
9.3030787,22.5,45,315
9.3224902,22.5,45,315
9.3306199,22.5,45,315
9.3555792,22.5,45,315
9.3612825,22.5,45,315
9.3815825,22.5,45,315
9.3951196,22.5,45,315
9.4169287,22.5,45,315
9.4313349,22.5,45,315
9.4492673,22.5,45,315
9.4639506,22.5,45,315
9.478677,22.5,45,315
9.4952624,22.5,45,315
9.512418,22.5,45,315
9.529553,22.5,45,315
9.547399,22.5,45,315
9.5645283,22.5,45,315
9.5805608,22.5,45,315
9.596892,22.5,45,315
9.6143486,22.5,45,315
9.6291271,22.5,45,315
9.6467471,22.5,45,315
9.6625553,22.5,45,315
9.6805036,22.5,45,315
9.6961324,22.5,45,315
9.715124,22.5,45,315
9.7292186,22.5,45,315
9.7478814,22.5,45,315
9.7638482,22.5,45,315
9.7818828,22.5,45,315
9.7968528,22.5,45,315
10.1046319,22.5,45,90
10.1061073,22.5,45,90
10.1105642,22.5,45,90
10.1298338,22.5,45,90
10.1451858,22.5,45,90
10.162962,22.5,45,90
10.1830065,22.5,45,90
10.1989774,22.5,45,90
10.2133897,22.5,45,90
10.231422,22.5,45,90
10.2466551,22.5,45,90
10.2645002,22.5,45,90
10.2831503,22.5,45,90
10.2977617,22.5,45,90
10.3135936,22.5,45,135
10.3318057,22.5,45,135
10.3463667,22.5,45,135
10.3652553,22.5,45,135
10.3872285,22.5,45,135
10.3987609,22.5,45,135
10.4148936,22.5,45,135
10.4317497,22.5,45,135
10.4474668,22.5,45,135
10.4648127,22.5,45,135
10.4825654,22.5,45,135
10.4972148,22.5,45,135
10.5157284,22.5,45,135
10.5316706,22.5,45,135
10.5476186,22.5,45,135
10.5626836,22.5,45,135
10.5823054,22.5,45,135
10.5963403,22.5,45,135
10.613462,22.5,45,135
10.6289829,22.5,45,135
10.6470458,22.5,45,135
10.6652276,22.5,45,135
10.6826534,22.5,45,135
10.6974954,22.5,45,135
10.7193727,22.5,45,135
10.7318004,22.5,45,135
10.7492295,22.5,45,135
10.7642173,22.5,45,135
10.7822228,22.5,45,135
10.7964402,22.5,45,135
10.8140173,22.5,45,0
10.8311783,22.5,45,0
10.8478148,22.5,45,0
10.8632267,22.5,45,0
10.8804727,22.5,45,0
10.9015148,22.5,45,0
10.9185031,22.5,45,0
10.953641,22.5,45,0
10.9756604,22.5,45,0
10.9902362,22.5,45,0
11.0030053,22.5,45,0
11.0144482,22.5,45,0
11.0303997,22.5,45,0
11.0463898,22.5,45,0
11.0630386,22.5,45,0
11.0827831,22.5,45,0
11.099894,22.5,45,0
11.1172525,22.5,45,0
11.1317455,22.5,45,0
11.1527209,22.5,45,0
RealElapsedTime,Xdeg,Ydeg,Angle
2.7903823,-45,45,135
2.8326124,-45,45,135
2.8411316,-45,45,135
2.8574408,-45,45,135
2.8737703,-45,45,135
2.890594,-45,45,135
2.9075112,-45,45,135
2.923893,-45,45,135
2.9407425,-45,45,135
2.95889,-45,45,135
2.9761801,-45,45,135
2.9911019,-45,45,135
3.0098264,-45,45,135
3.0242558,-45,45,135
3.0435614,-45,45,135
3.057525,-45,45,135
3.0750501,-45,45,135
3.0911365,-45,45,135
3.1076955,-45,45,135
3.1241089,-45,45,135
3.1410754,-45,45,135
3.1574722,-45,45,135
3.1752128,-45,45,135
3.1913624,-45,45,135
3.2075975,-45,45,135
3.2242899,-45,45,135
3.2418918,-45,45,135
3.2603358,-45,45,135
3.2751974,-45,45,0
3.2910009,-45,45,0
3.3072429,-45,45,0
3.3285142,-45,45,0
3.3408338,-45,45,0
3.3572743,-45,45,0
3.3740695,-45,45,0
3.3906255,-45,45,0
3.4074624,-45,45,0
3.4255416,-45,45,0
3.4438672,-45,45,0
3.457593,-45,45,0
3.474336,-45,45,0
3.4909687,-45,45,0
3.5071763,-45,45,0
3.5238788,-45,45,0
3.5404132,-45,45,0
3.5570631,-45,45,0
3.5750962,-45,45,0
3.5907591,-45,45,0
3.6073038,-45,45,0
3.6239433,-45,45,0
3.6405019,-45,45,0
3.6572172,-45,45,0
3.6740112,-45,45,0
3.690747,-45,45,0
3.7071516,-45,45,0
3.72383,-45,45,0
3.7417872,-45,45,0
3.7610445,-45,45,0
3.7751361,-45,45,270
3.7910206,-45,45,270
3.8077171,-45,45,270
3.824095,-45,45,270
3.8417445,-45,45,270
3.8576031,-45,45,270
3.8741575,-45,45,270
3.8905668,-45,45,270
3.9134346,-45,45,270
3.9243227,-45,45,270
3.9410192,-45,45,270
3.9579774,-45,45,270
3.9741187,-45,45,270
3.9922333,-45,45,270
4.0097351,-45,45,270
4.0247057,-45,45,270
4.0413341,-45,45,270
4.057429,-45,45,270
4.0749407,-45,45,270
4.0907319,-45,45,270
4.1080027,-45,45,270
4.1241135,-45,45,270
4.1407125,-45,45,270
4.1577666,-45,45,270
4.1769649,-45,45,270
4.1911408,-45,45,270
4.2083334,-45,45,270
4.2256093,-45,45,270
4.2442806,-45,45,270
4.259885,-45,45,270
4.2751185,-45,45,315
4.290644,-45,45,315
4.3098677,-45,45,315
4.3384827,-45,45,315
4.3421116,-45,45,315
4.3571252,-45,45,315
4.3740999,-45,45,315
4.3905124,-45,45,315
4.4073425,-45,45,315
4.424145,-45,45,315
4.4409683,-45,45,315
4.4582504,-45,45,315
4.475224,-45,45,315
4.4908907,-45,45,315
4.5077026,-45,45,315
4.5242956,-45,45,315
4.5410426,-45,45,315
4.5576841,-45,45,315
4.5762307,-45,45,315
4.5927363,-45,45,315
4.6075397,-45,45,315
4.6240747,-45,45,315
4.6408466,-45,45,315
4.6576991,-45,45,315
4.6750533,-45,45,315
4.6908401,-45,45,315
4.7074472,-45,45,315
4.7240349,-45,45,315
4.7408206,-45,45,315
4.7598853,-45,45,315
4.7751358,-45,45,45
4.7922994,-45,45,45
4.8131735,-45,45,45
4.8263984,-45,45,45
4.8412112,-45,45,45
4.8586113,-45,45,45
4.874204,-45,45,45
4.8908501,-45,45,45
4.9076602,-45,45,45
4.9245038,-45,45,45
4.9419998,-45,45,45
4.957676,-45,45,45
4.9741404,-45,45,45
4.9909017,-45,45,45
5.0111845,-45,45,45
5.0246619,-45,45,45
5.0408299,-45,45,45
5.0587482,-45,45,45
5.0745346,-45,45,45
5.0907939,-45,45,45
5.1089322,-45,45,45
5.1242645,-45,45,45
5.1413133,-45,45,45
5.1574214,-45,45,45
5.1741042,-45,45,45
5.190865,-45,45,45
5.2075257,-45,45,45
5.224366,-45,45,45
5.243076,-45,45,45
5.2606973,-45,45,45
5.2750489,-45,45,180
5.2932534,-45,45,180
5.3077662,-45,45,180
5.3316208,-45,45,180
5.3409717,-45,45,180
5.3575772,-45,45,180
5.3758525,-45,45,180
5.3909231,-45,45,180
5.4084153,-45,45,180
5.4287544,-45,45,180
5.4425341,-45,45,180
5.4577787,-45,45,180
5.4741984,-45,45,180
5.4927151,-45,45,180
5.509469,-45,45,180
5.5243591,-45,45,180
5.5407883,-45,45,180
5.5605207,-45,45,180
5.5750533,-45,45,180
5.5917749,-45,45,180
5.6087327,-45,45,180
5.6244831,-45,45,180
5.6410644,-45,45,180
5.6574459,-45,45,180
5.6757741,-45,45,180
5.6896487,-45,45,180
5.7069491,-45,45,180
5.7258776,-45,45,180
5.7424741,-45,45,180
5.760071,-45,45,180
5.7751865,-45,45,90
5.7924834,-45,45,90
5.8077798,-45,45,90
5.8295451,-45,45,90
5.8412453,-45,45,90
5.8576012,-45,45,90
5.8740938,-45,45,90
5.8909439,-45,45,90
5.9078113,-45,45,90
5.924194,-45,45,90
5.9407064,-45,45,90
5.9574946,-45,45,90
5.9760073,-45,45,90
5.9910945,-45,45,90
6.0110143,-45,45,90
6.0246834,-45,45,90
6.0408369,-45,45,90
6.0574566,-45,45,90
6.0748619,-45,45,90
6.0911103,-45,45,90
6.1092458,-45,45,90
6.1244082,-45,45,90
6.1410104,-45,45,90
6.1577947,-45,45,90
6.1741349,-45,45,90
6.1917953,-45,45,90
6.207583,-45,45,90
6.2241179,-45,45,90
6.2420136,-45,45,90
6.2595692,-45,45,90
6.2748069,-45,45,225
6.2908631,-45,45,225
6.3166405,-45,45,225
6.3279721,-45,45,225
6.3411043,-45,45,225
6.3578043,-45,45,225
6.3744494,-45,45,225
6.3910028,-45,45,225
6.4077839,-45,45,225
6.4241492,-45,45,225
6.4409348,-45,45,225
6.4574978,-45,45,225
6.4748366,-45,45,225
6.4930616,-45,45,225
6.509807,-45,45,225
6.5245641,-45,45,225
6.5407062,-45,45,225
6.5573849,-45,45,225
6.6334832,-45,45,225
6.6353361,-45,45,225
6.6393884,-45,45,225
6.6576928,-45,45,225
6.6747046,-45,45,225
6.6910122,-45,45,225
6.7081185,-45,45,225
6.726098,-45,45,225
6.7434817,-45,45,225
6.761891,-45,45,225
6.7758376,-45,45,225
6.7914935,-45,45,225
6.8078815,-45,45,225
6.8242808,-45,45,225
6.8408115,-45,45,225
6.8595513,-45,45,225
6.8743566,-45,45,225
6.8907786,-45,45,225
6.9077755,-45,45,225
6.9242731,-45,45,225
6.9408502,-45,45,225
6.9579983,-45,45,225
6.9746351,-45,45,225
6.9911296,-45,45,225
7.0075285,-45,45,225
7.0245182,-45,45,225
7.0409443,-45,45,225
7.0575985,-45,45,225
7.0745673,-45,45,225
7.0908974,-45,45,225
7.1090622,-45,45,225
7.1242538,-45,45,225
7.140767,-45,45,225
7.157682,-45,45,225
7.1754711,-45,45,225
7.1909928,-45,45,225
7.2074463,-45,45,225
7.2261562,-45,45,225
7.2418212,-45,45,225
7.2604576,-45,45,225
7.2743552,-45,45,225
7.2965042,-45,45,225
7.3177445,-45,45,225
7.3460471,-45,45,225
7.3606785,-45,45,225
7.3799467,-45,45,225
7.3952387,-45,45,225
7.4105175,-45,45,225
7.4254919,-45,45,225
7.445643,-45,45,225
7.460045,-45,45,225
7.4742665,-45,45,225
7.4933025,-45,45,225
7.5088457,-45,45,225
7.5242762,-45,45,225
7.5410552,-45,45,225
7.5574221,-45,45,225
7.5739934,-45,45,225
7.5931652,-45,45,225
7.60909,-45,45,225
7.6256363,-45,45,225
7.6421464,-45,45,225
7.6581004,-45,45,225
7.6756287,-45,45,225
7.6917654,-45,45,225
7.7086605,-45,45,225
7.7267882,-45,45,225
7.7448044,-45,45,225
7.7629206,-45,45,225
7.7787337,-45,45,225
7.7931031,-45,45,225
7.8096117,-45,45,225
7.8249981,-45,45,225
7.8411429,-45,45,225
7.8594317,-45,45,225
7.8747175,-45,45,225
7.8914714,-45,45,225
7.9075951,-45,45,225
7.9242845,-45,45,225
7.9413242,-45,45,225
7.9573761,-45,45,225
7.9743188,-45,45,225
7.9908565,-45,45,225
8.0076314,-45,45,225
8.0244323,-45,45,225
8.0410487,-45,45,225
8.2920707,-45,45,225
8.3936199,-45,45,225
8.3975631,-45,45,225
8.4109031,-45,45,225
8.4277084,-45,45,225
8.4441804,-45,45,225
8.4742478,-45,45,225
8.4922404,-45,45,225
8.5082017,-45,45,225
8.5208591,-45,45,225
8.5346104,-45,45,225
8.5479523,-45,45,225
8.5587292,-45,45,225
8.6006354,0,22.5,315
8.603885,0,22.5,315
8.6080105,0,22.5,315
8.6255725,0,22.5,315
8.6416558,0,22.5,315
8.6607336,0,22.5,315
8.6767799,0,22.5,315
8.6910006,0,22.5,315
8.7077626,0,22.5,315
8.7241987,0,22.5,315
8.7422248,0,22.5,315
8.7576155,0,22.5,315
8.7742024,0,22.5,315
8.7910983,0,22.5,315
8.8075818,0,22.5,315
8.8258341,0,22.5,315
8.8409714,0,22.5,315
8.8577166,0,22.5,315
8.8744427,0,22.5,315
8.8916475,0,22.5,315
8.9083457,0,22.5,315
8.9247685,0,22.5,315
8.9415135,0,22.5,315
8.9601698,0,22.5,315
8.9748272,0,22.5,315
8.9997624,0,22.5,315
9.0089185,0,22.5,315
9.0254446,0,22.5,315
9.0425778,0,22.5,315
9.0581812,0,22.5,315
9.0746733,0,22.5,315
9.0925262,0,22.5,180
9.1102236,0,22.5,180
9.1250198,0,22.5,180
9.1416345,0,22.5,180
9.1582992,0,22.5,180
9.1767913,0,22.5,180
9.1941933,0,22.5,180
9.208562,0,22.5,180
9.2250056,0,22.5,180
9.24427,0,22.5,180
9.2599184,0,22.5,180
9.2749954,0,22.5,180
9.2914669,0,22.5,180
9.3128722,0,22.5,180
9.3287762,0,22.5,180
9.3414727,0,22.5,180
9.3578874,0,22.5,180
9.3747638,0,22.5,180
9.391473,0,22.5,180
9.410367,0,22.5,180
9.4249912,0,22.5,180
9.4418831,0,22.5,180
9.4586698,0,22.5,180
9.4766489,0,22.5,180
9.4914313,0,22.5,180
9.5082401,0,22.5,180
9.5249254,0,22.5,180
9.5415393,0,22.5,180
9.5586041,0,22.5,180
9.5752086,0,22.5,180
9.5919831,0,22.5,0
9.608697,0,22.5,0
9.6249507,0,22.5,0
9.6412477,0,22.5,0
9.6583031,0,22.5,0
9.6754618,0,22.5,0
9.6932459,0,22.5,0
9.7098119,0,22.5,0
9.7261826,0,22.5,0
9.7529073,0,22.5,0
9.7827711,0,22.5,0
9.7930823,0,22.5,0
9.8133168,0,22.5,0
9.8261793,0,22.5,0
9.8436577,0,22.5,0
9.8647047,0,22.5,0
9.8786431,0,22.5,0
9.8917208,0,22.5,0
9.9101568,0,22.5,0
9.9248476,0,22.5,0
9.9413863,0,22.5,0
9.958651,0,22.5,0
9.9763188,0,22.5,0
9.9963161,0,22.5,0
10.0202471,0,22.5,0
10.0259901,0,22.5,0
10.0490347,0,22.5,0
10.0643475,0,22.5,0
10.0773896,0,22.5,0
10.0942019,0,22.5,90
10.1112743,0,22.5,90
10.1263214,0,22.5,90
10.1446072,0,22.5,90
10.1632249,0,22.5,90
10.1776952,0,22.5,90
10.1958631,0,22.5,90
10.2119508,0,22.5,90
10.2257541,0,22.5,90
10.2442743,0,22.5,90
10.2630563,0,22.5,90
10.276034,0,22.5,90
10.2924361,0,22.5,90
10.3086554,0,22.5,90
10.331447,0,22.5,90
10.3447974,0,22.5,90
10.359583,0,22.5,90
10.3760938,0,22.5,90
10.3910029,0,22.5,90
10.4077221,0,22.5,90
10.4241755,0,22.5,90
10.4408266,0,22.5,90
10.457652,0,22.5,90
10.4741955,0,22.5,90
10.4910224,0,22.5,90
10.5108068,0,22.5,90
10.5242571,0,22.5,90
10.5410169,0,22.5,90
10.5575178,0,22.5,90
10.5741436,0,22.5,90
10.5919329,0,22.5,135
10.6075632,0,22.5,135
10.6244367,0,22.5,135
10.6415641,0,22.5,135
10.6577705,0,22.5,135
10.6742445,0,22.5,135
10.6914464,0,22.5,135
10.7077465,0,22.5,135
10.7242521,0,22.5,135
10.7427072,0,22.5,135
10.7577841,0,22.5,135
10.7742161,0,22.5,135
10.790916,0,22.5,135
10.8096682,0,22.5,135
10.8242419,0,22.5,135
10.8409047,0,22.5,135
10.8583785,0,22.5,135
10.8741603,0,22.5,135
10.8908835,0,22.5,135
10.9075887,0,22.5,135
10.9242765,0,22.5,135
10.9408139,0,22.5,135
10.9576518,0,22.5,135
10.9742768,0,22.5,135
10.991184,0,22.5,135
11.0083016,0,22.5,135
11.0242308,0,22.5,135
11.0431962,0,22.5,135
11.0576047,0,22.5,135
11.0751035,0,22.5,135
11.0914429,0,22.5,270
11.1075841,0,22.5,270
11.1248318,0,22.5,270
11.1410944,0,22.5,270
11.1575382,0,22.5,270
11.1753241,0,22.5,270
11.1910158,0,22.5,270
11.2076887,0,22.5,270
11.2245943,0,22.5,270
11.2430883,0,22.5,270
11.2605249,0,22.5,270
11.2744105,0,22.5,270
11.2912892,0,22.5,270
11.3093507,0,22.5,270
11.3243691,0,22.5,270
11.340834,0,22.5,270
11.3580198,0,22.5,270
11.376452,0,22.5,270
11.3909191,0,22.5,270
11.4078797,0,22.5,270
11.424252,0,22.5,270
11.4409417,0,22.5,270
11.4580662,0,22.5,270
11.4744031,0,22.5,270
11.4906406,0,22.5,270
11.508094,0,22.5,270
11.5242448,0,22.5,270
11.5408934,0,22.5,270
11.5575634,0,22.5,270
11.5744973,0,22.5,270
11.5916222,0,22.5,45
11.6085934,0,22.5,45
11.6254233,0,22.5,45
11.644952,0,22.5,45
11.6586481,0,22.5,45
11.6753269,0,22.5,45
11.6915833,0,22.5,45
11.7081667,0,22.5,45
11.7248122,0,22.5,45
11.7424626,0,22.5,45
11.7608933,0,22.5,45
11.7754503,0,22.5,45
11.7912814,0,22.5,45
11.8076934,0,22.5,45
11.826624,0,22.5,45
11.8410316,0,22.5,45
11.8576677,0,22.5,45
11.8743638,0,22.5,45
11.8909379,0,22.5,45
11.9078025,0,22.5,45
11.9244085,0,22.5,45
11.9411963,0,22.5,45
11.9578999,0,22.5,45
11.9743704,0,22.5,45
11.9912723,0,22.5,45
12.0106193,0,22.5,45
12.0244889,0,22.5,45
12.041279,0,22.5,45
12.0577165,0,22.5,45
RealElapsedTime,Xdeg,Ydeg,Angle
2.9703711,-45,-45,135
2.9860042,-45,-45,135
3.002787,-45,-45,135
3.0193743,-45,-45,135
3.0362267,-45,-45,135
3.0536211,-45,-45,135
3.0701939,-45,-45,135
3.0868628,-45,-45,135
3.1036936,-45,-45,135
3.1201394,-45,-45,135
3.1368015,-45,-45,135
3.1537703,-45,-45,135
3.1703518,-45,-45,135
3.1870301,-45,-45,135
3.2037102,-45,-45,135
3.2232206,-45,-45,135
3.2371905,-45,-45,135
3.2535611,-45,-45,135
3.2777413,-45,-45,135
3.2915448,-45,-45,135
3.3055973,-45,-45,135
3.3212071,-45,-45,135
3.3389766,-45,-45,135
3.3546061,-45,-45,135
3.3712048,-45,-45,135
3.3894459,-45,-45,135
3.4082778,-45,-45,135
3.4252657,-45,-45,135
3.4535697,-45,-45,135
3.4583764,-45,-45,135
3.4759884,-45,-45,270
3.4917882,-45,-45,270
3.5079463,-45,-45,270
3.5247571,-45,-45,270
3.5389337,-45,-45,270
3.5550417,-45,-45,270
3.5718169,-45,-45,270
3.5885495,-45,-45,270
3.6049741,-45,-45,270
3.6217616,-45,-45,270
3.6381384,-45,-45,270
3.6550275,-45,-45,270
3.6720667,-45,-45,270
3.6880343,-45,-45,270
3.7049652,-45,-45,270
3.7231025,-45,-45,270
3.7392502,-45,-45,270
3.758206,-45,-45,270
3.7709214,-45,-45,270
3.7877864,-45,-45,270
3.804279,-45,-45,270
3.8209664,-45,-45,270
3.8385094,-45,-45,270
RealElapsedTime,Xdeg,Ydeg,Angle
3.0213762,0,-45,0
3.0383327,0,-45,0
3.0562526,0,-45,0
3.0727775,0,-45,0
3.0893296,0,-45,0
3.1069834,0,-45,0
3.1255061,0,-45,0
3.1401071,0,-45,0
3.156531,0,-45,0
3.1772698,0,-45,0
3.1948165,0,-45,0
3.2079992,0,-45,0
3.2231515,0,-45,0
3.2399338,0,-45,0
3.2567308,0,-45,0
3.2734797,0,-45,0
3.2904581,0,-45,0
3.3092511,0,-45,0
3.3243729,0,-45,0
3.3415026,0,-45,0
3.3583595,0,-45,0
3.3732067,0,-45,0
3.3899165,0,-45,0
3.406654,0,-45,0
3.424641,0,-45,0
3.4398647,0,-45,0
3.4565541,0,-45,0
3.4736253,0,-45,0
3.4903387,0,-45,0
3.5065133,0,-45,0
3.5242292,0,-45,180
3.540411,0,-45,180
3.5569404,0,-45,180
3.5731435,0,-45,180
3.5906964,0,-45,180
3.606734,0,-45,180
3.6234271,0,-45,180
3.6400778,0,-45,180
3.6566447,0,-45,180
3.673568,0,-45,180
3.6898839,0,-45,180
3.7068006,0,-45,180
3.7234094,0,-45,180
3.7410755,0,-45,180
3.7571846,0,-45,180
3.7735038,0,-45,180
3.7902118,0,-45,180
3.8094778,0,-45,180
3.8235728,0,-45,180
3.8403255,0,-45,180
3.8571818,0,-45,180
3.873239,0,-45,180
3.8916156,0,-45,180
3.9073606,0,-45,180
3.9225666,0,-45,180
3.9391746,0,-45,180
3.9559706,0,-45,180
3.9726177,0,-45,180
3.9893142,0,-45,180
4.0058305,0,-45,180
4.0229711,0,-45,90
4.0396532,0,-45,90
4.0559888,0,-45,90
4.073166,0,-45,90
4.0896398,0,-45,90
4.1057997,0,-45,90
4.1224715,0,-45,90
4.1392392,0,-45,90
4.1582018,0,-45,90
4.1740843,0,-45,90
4.1898006,0,-45,90
4.205916,0,-45,90
4.2225149,0,-45,90
4.2391677,0,-45,90
4.2559816,0,-45,90
4.2725883,0,-45,90
4.2893445,0,-45,90
4.3080272,0,-45,90
4.3240887,0,-45,90
4.3394541,0,-45,90
4.3561378,0,-45,90
4.3727462,0,-45,90
4.3894655,0,-45,90
4.4058136,0,-45,90
4.4225068,0,-45,90
4.4391449,0,-45,90
4.4565448,0,-45,90
4.4743573,0,-45,90
4.49583,0,-45,90
4.5087917,0,-45,90
4.52424,0,-45,225
4.5513843,0,-45,225
4.5574934,0,-45,225
4.5740185,0,-45,225
4.5911374,0,-45,225
4.6065041,0,-45,225
4.622786,0,-45,225
4.6397413,0,-45,225
4.6569999,0,-45,225
4.6729338,0,-45,225
4.6898133,0,-45,225
4.7066288,0,-45,225
4.7230631,0,-45,225
4.7391987,0,-45,225
4.7560266,0,-45,225
4.773786,0,-45,225
4.7893955,0,-45,225
4.8079014,0,-45,225
4.8225211,0,-45,225
4.8394309,0,-45,225
4.8561857,0,-45,225
4.8729614,0,-45,225
4.8891965,0,-45,225
4.9060158,0,-45,225
4.9226376,0,-45,225
4.939196,0,-45,225
4.9560398,0,-45,225
4.9725997,0,-45,225
4.9892887,0,-45,225
5.0060617,0,-45,225
RealElapsedTime,Xdeg,Ydeg,Angle
3.0769329,45,-45,45
3.1080424,45,-45,45
3.1109581,45,-45,45
3.1288157,45,-45,45
3.1438198,45,-45,45
3.1609447,45,-45,45
3.1794247,45,-45,45
3.1958403,45,-45,45
3.2123231,45,-45,45
3.228938,45,-45,45
3.2456937,45,-45,45
3.2625238,45,-45,45
3.2785403,45,-45,45
3.2975007,45,-45,45
3.3127187,45,-45,45
3.3289156,45,-45,45
3.3476671,45,-45,45
3.3626076,45,-45,45
3.3882434,45,-45,45
3.3998129,45,-45,45
3.41532,45,-45,45
3.4353379,45,-45,45
3.4525013,45,-45,45
3.4706702,45,-45,45
3.4827543,45,-45,45
3.4981235,45,-45,45
3.5225068,45,-45,45
3.5311412,45,-45,45
3.5490585,45,-45,45
3.5686424,45,-45,225
3.5801968,45,-45,225
3.5961624,45,-45,225
3.612989,45,-45,225
3.6288975,45,-45,225
3.6453104,45,-45,225
3.6618885,45,-45,225
3.6789084,45,-45,225
3.6956498,45,-45,225
3.7133912,45,-45,225
3.7286475,45,-45,225
3.745302,45,-45,225
3.7618312,45,-45,225
3.7805223,45,-45,225
3.7949831,45,-45,225
3.8114817,45,-45,225
3.8281167,45,-45,225
3.8448421,45,-45,225
3.8615661,45,-45,225
3.8780946,45,-45,225
3.8947615,45,-45,225
3.9113914,45,-45,225
3.9295006,45,-45,225
3.9490813,45,-45,225
3.9617058,45,-45,225
3.9781545,45,-45,225
3.9978891,45,-45,225
4.011605,45,-45,225
4.0282342,45,-45,225
4.044795,45,-45,225
4.0619378,45,-45,270
4.0784956,45,-45,270
4.0963086,45,-45,270
4.1123701,45,-45,270
4.1287783,45,-45,270
4.1457869,45,-45,270
4.1653938,45,-45,270
4.178894,45,-45,270
4.1968922,45,-45,270
4.2128233,45,-45,270
4.2287926,45,-45,270
4.245639,45,-45,270
4.2615009,45,-45,270
4.2782085,45,-45,270
4.2968041,45,-45,270
4.311597,45,-45,270
4.3282925,45,-45,270
4.3448347,45,-45,270
4.3614633,45,-45,270
4.3781152,45,-45,270
4.3952813,45,-45,270
4.411538,45,-45,270
4.4298034,45,-45,270
4.4448663,45,-45,270
4.4619848,45,-45,270
4.4796943,45,-45,270
4.4949737,45,-45,270
4.5117013,45,-45,270
4.5282651,45,-45,270
4.5456148,45,-45,270
RealElapsedTime,Xdeg,Ydeg,Angle
3.1200829,22.5,-22.5,180
3.1405244,22.5,-22.5,180
3.1550832,22.5,-22.5,180
3.1702867,22.5,-22.5,180
3.1871731,22.5,-22.5,180
3.2044614,22.5,-22.5,180
3.2214283,22.5,-22.5,180
3.2378492,22.5,-22.5,180
3.2545305,22.5,-22.5,180
3.2716532,22.5,-22.5,180
3.2886163,22.5,-22.5,180
3.3051247,22.5,-22.5,180
3.3218737,22.5,-22.5,180
3.3386241,22.5,-22.5,180
3.3582021,22.5,-22.5,180
3.3719604,22.5,-22.5,180
3.3910326,22.5,-22.5,180
3.4056225,22.5,-22.5,180
3.4218575,22.5,-22.5,180
3.4387762,22.5,-22.5,180
3.4552474,22.5,-22.5,180
3.4719863,22.5,-22.5,180
3.4889952,22.5,-22.5,180
3.5054695,22.5,-22.5,180
3.5222524,22.5,-22.5,180
3.5387608,22.5,-22.5,180
3.5557182,22.5,-22.5,180
3.5720849,22.5,-22.5,180
3.5886203,22.5,-22.5,180
3.6075832,22.5,-22.5,135
3.6227688,22.5,-22.5,135
3.6404419,22.5,-22.5,135
3.6553711,22.5,-22.5,135
3.6730224,22.5,-22.5,135
3.6888188,22.5,-22.5,135
3.7103128,22.5,-22.5,135
3.7225272,22.5,-22.5,135
3.7389444,22.5,-22.5,135
3.7560197,22.5,-22.5,135
3.7723362,22.5,-22.5,135
3.7886039,22.5,-22.5,135
3.8054881,22.5,-22.5,135
3.8226223,22.5,-22.5,135
3.8387822,22.5,-22.5,135
3.8555092,22.5,-22.5,135
3.8747348,22.5,-22.5,135
3.8897059,22.5,-22.5,135
3.9057083,22.5,-22.5,135
3.9224299,22.5,-22.5,135
3.9385599,22.5,-22.5,135
3.9557469,22.5,-22.5,135
3.9718561,22.5,-22.5,135
3.988842,22.5,-22.5,135
4.0050771,22.5,-22.5,135
4.0221465,22.5,-22.5,135
4.0386406,22.5,-22.5,135
4.0555367,22.5,-22.5,135
4.0721321,22.5,-22.5,135
4.0945022,22.5,-22.5,135
4.1066349,22.5,-22.5,225
4.122323,22.5,-22.5,225
4.1424344,22.5,-22.5,225
4.1556754,22.5,-22.5,225
4.1723632,22.5,-22.5,225
4.1919242,22.5,-22.5,225
4.2064641,22.5,-22.5,225
4.2217454,22.5,-22.5,225
4.2384082,22.5,-22.5,225
4.2544579,22.5,-22.5,225
4.2709803,22.5,-22.5,225
4.2868575,22.5,-22.5,225
4.303298,22.5,-22.5,225
4.3199757,22.5,-22.5,225
4.336805,22.5,-22.5,225
4.3536135,22.5,-22.5,225
4.3702395,22.5,-22.5,225
4.3894412,22.5,-22.5,225
4.403616,22.5,-22.5,225
4.4203565,22.5,-22.5,225
4.4376885,22.5,-22.5,225
4.4548381,22.5,-22.5,225
4.4712342,22.5,-22.5,225
4.4878592,22.5,-22.5,225
4.5053609,22.5,-22.5,225
4.5211955,22.5,-22.5,225
4.5378375,22.5,-22.5,225
4.5552573,22.5,-22.5,225
4.5728612,22.5,-22.5,225
4.5890737,22.5,-22.5,225
4.6058512,22.5,-22.5,45
4.6218444,22.5,-22.5,45
4.6418998,22.5,-22.5,45
4.6550442,22.5,-22.5,45
4.6718742,22.5,-22.5,45
4.6888663,22.5,-22.5,45
4.7079898,22.5,-22.5,45
4.7216328,22.5,-22.5,45
4.7378908,22.5,-22.5,45
4.7546774,22.5,-22.5,45
4.7712676,22.5,-22.5,45
4.7879138,22.5,-22.5,45
4.8048342,22.5,-22.5,45
4.8212713,22.5,-22.5,45
4.8379534,22.5,-22.5,45
4.8546169,22.5,-22.5,45
4.8711665,22.5,-22.5,45
4.8913971,22.5,-22.5,45
4.9052731,22.5,-22.5,45
4.9212563,22.5,-22.5,45
4.9378655,22.5,-22.5,45
4.9545401,22.5,-22.5,45
4.9712655,22.5,-22.5,45
4.9893484,22.5,-22.5,45
5.0045847,22.5,-22.5,45
5.02133,22.5,-22.5,45
5.0395964,22.5,-22.5,45
5.0548771,22.5,-22.5,45
5.0710763,22.5,-22.5,45
5.0876129,22.5,-22.5,45
5.1060467,22.5,-22.5,0
5.1213251,22.5,-22.5,0
5.1435596,22.5,-22.5,0
5.1551471,22.5,-22.5,0
5.1730695,22.5,-22.5,0
5.1896836,22.5,-22.5,0
5.2060281,22.5,-22.5,0
5.2213994,22.5,-22.5,0
5.2403198,22.5,-22.5,0
5.2557773,22.5,-22.5,0
5.2713958,22.5,-22.5,0
5.2879761,22.5,-22.5,0
5.3047994,22.5,-22.5,0
5.3212499,22.5,-22.5,0
5.3379809,22.5,-22.5,0
5.3548368,22.5,-22.5,0
5.3713551,22.5,-22.5,0
5.3880513,22.5,-22.5,0
5.4048865,22.5,-22.5,0
5.4213682,22.5,-22.5,0
5.4398762,22.5,-22.5,0
5.4548025,22.5,-22.5,0
5.4712834,22.5,-22.5,0
5.487994,22.5,-22.5,0
5.5047342,22.5,-22.5,0
5.522011,22.5,-22.5,0
5.5379612,22.5,-22.5,0
5.5546328,22.5,-22.5,0
5.5713229,22.5,-22.5,0
5.5879318,22.5,-22.5,0
5.6051088,22.5,-22.5,90
5.6217887,22.5,-22.5,90
5.639786,22.5,-22.5,90
5.6548648,22.5,-22.5,90
5.6713852,22.5,-22.5,90
5.6888059,22.5,-22.5,90
5.7053022,22.5,-22.5,90
5.7224173,22.5,-22.5,90
5.738528,22.5,-22.5,90
5.755789,22.5,-22.5,90
5.7716431,22.5,-22.5,90
5.7879951,22.5,-22.5,90
5.8048018,22.5,-22.5,90
5.8218962,22.5,-22.5,90
5.8385762,22.5,-22.5,90
5.8549041,22.5,-22.5,90
5.8714363,22.5,-22.5,90
5.8882951,22.5,-22.5,90
5.9048328,22.5,-22.5,90
5.9216359,22.5,-22.5,90
5.9381414,22.5,-22.5,90
5.9561305,22.5,-22.5,90
5.9713774,22.5,-22.5,90
5.9883784,22.5,-22.5,90
6.0046463,22.5,-22.5,90
6.0220895,22.5,-22.5,90
6.0380717,22.5,-22.5,90
6.0547015,22.5,-22.5,90
6.0714193,22.5,-22.5,90
6.0879892,22.5,-22.5,90
6.1053941,22.5,-22.5,270
6.1230008,22.5,-22.5,270
6.1395932,22.5,-22.5,270
6.1546669,22.5,-22.5,270
6.171334,22.5,-22.5,270
6.1879824,22.5,-22.5,270
6.2056359,22.5,-22.5,270
6.2221389,22.5,-22.5,270
6.237962,22.5,-22.5,270
6.2547589,22.5,-22.5,270
6.2713976,22.5,-22.5,270
6.287946,22.5,-22.5,270
6.3046222,22.5,-22.5,270
6.3213032,22.5,-22.5,270
6.3380137,22.5,-22.5,270
6.3545932,22.5,-22.5,270
6.3729323,22.5,-22.5,270
6.3881212,22.5,-22.5,270
6.4046527,22.5,-22.5,270
6.4223892,22.5,-22.5,270
6.4380705,22.5,-22.5,270
6.4545395,22.5,-22.5,270
6.4714349,22.5,-22.5,270
6.4879814,22.5,-22.5,270
6.5046263,22.5,-22.5,270
6.5212567,22.5,-22.5,270
6.5380054,22.5,-22.5,270
6.5546877,22.5,-22.5,270
6.5713668,22.5,-22.5,270
6.5879671,22.5,-22.5,270
6.6050403,22.5,-22.5,315
6.6215273,22.5,-22.5,315
6.6405175,22.5,-22.5,315
6.6546137,22.5,-22.5,315
6.6714781,22.5,-22.5,315
6.68782,22.5,-22.5,315
6.7067438,22.5,-22.5,315
6.720121,22.5,-22.5,315
6.7372518,22.5,-22.5,315
6.7545163,22.5,-22.5,315
6.7714384,22.5,-22.5,315
6.7879692,22.5,-22.5,315
6.8046673,22.5,-22.5,315
6.8213308,22.5,-22.5,315
6.8380229,22.5,-22.5,315
6.9131929,22.5,-22.5,315
6.9148336,22.5,-22.5,315
6.9201036,22.5,-22.5,315
6.9385748,22.5,-22.5,315
6.9549522,22.5,-22.5,315
6.9752446,22.5,-22.5,315
6.9885201,22.5,-22.5,315
7.0052959,22.5,-22.5,315
7.0220503,22.5,-22.5,315
7.0385982,22.5,-22.5,315
7.0553479,22.5,-22.5,315
7.0719895,22.5,-22.5,315
7.0886581,22.5,-22.5,315
7.1083252,22.5,-22.5,315
7.1220007,22.5,-22.5,315
7.1378583,22.5,-22.5,315
7.1552861,22.5,-22.5,315
7.1711712,22.5,-22.5,315
7.1895806,22.5,-22.5,315
7.2044667,22.5,-22.5,315
7.221177,22.5,-22.5,315
7.2378738,22.5,-22.5,315
7.2545848,22.5,-22.5,315
7.2711926,22.5,-22.5,315
7.2878054,22.5,-22.5,315
7.3045025,22.5,-22.5,315
7.3218747,22.5,-22.5,315
7.3378584,22.5,-22.5,315
7.3556878,22.5,-22.5,315
7.3712702,22.5,-22.5,315
7.3905548,22.5,-22.5,315
7.404595,22.5,-22.5,315
7.421312,22.5,-22.5,315
7.4379704,22.5,-22.5,315
7.4545226,22.5,-22.5,315
7.4711441,22.5,-22.5,315
7.4879126,22.5,-22.5,315
7.5045304,22.5,-22.5,315
7.5211787,22.5,-22.5,315
7.5379935,22.5,-22.5,315
7.5555605,22.5,-22.5,315
7.5711962,22.5,-22.5,315
7.5878009,22.5,-22.5,315
7.6045669,22.5,-22.5,315
7.6212083,22.5,-22.5,315
7.6416097,22.5,-22.5,315
7.6555256,22.5,-22.5,315
7.6714775,22.5,-22.5,315
7.689503,22.5,-22.5,315
7.705865,22.5,-22.5,315
7.7217926,22.5,-22.5,315
7.7378652,22.5,-22.5,315
7.7545537,22.5,-22.5,315
7.771165,22.5,-22.5,315
7.7878341,22.5,-22.5,315
7.804504,22.5,-22.5,315
7.8212502,22.5,-22.5,315
7.8378685,22.5,-22.5,315
7.854567,22.5,-22.5,315
7.8715381,22.5,-22.5,315
7.8903131,22.5,-22.5,315
7.9045006,22.5,-22.5,315
7.9211046,22.5,-22.5,315
7.9387283,22.5,-22.5,315
7.9544821,22.5,-22.5,315
7.9717813,22.5,-22.5,315
7.9878304,22.5,-22.5,315
8.0061481,22.5,-22.5,315
8.0212055,22.5,-22.5,315
8.037883,22.5,-22.5,315
8.0545221,22.5,-22.5,315
8.0711656,22.5,-22.5,315
8.0880509,22.5,-22.5,315
8.1069028,22.5,-22.5,315
8.1213349,22.5,-22.5,315
8.1413134,22.5,-22.5,315
8.1546331,22.5,-22.5,315
8.1711701,22.5,-22.5,315
8.1879253,22.5,-22.5,315
8.2079008,22.5,-22.5,315
8.2225631,22.5,-22.5,315
8.2378888,22.5,-22.5,315
8.2547359,22.5,-22.5,315
8.271578,22.5,-22.5,315
8.2878475,22.5,-22.5,315
8.304404,22.5,-22.5,315
8.3211337,22.5,-22.5,315
8.337837,22.5,-22.5,315
8.354507,22.5,-22.5,315
8.371096,22.5,-22.5,315
8.3907346,22.5,-22.5,315
8.4045338,22.5,-22.5,315
8.4212208,22.5,-22.5,315
8.4378716,22.5,-22.5,315
8.4551725,22.5,-22.5,315
8.4711558,22.5,-22.5,315
8.4890802,22.5,-22.5,315
8.5045932,22.5,-22.5,315
8.5212038,22.5,-22.5,315
8.5378461,22.5,-22.5,315
8.5544497,22.5,-22.5,315
8.5713713,22.5,-22.5,315
8.587892,22.5,-22.5,315
8.6045567,22.5,-22.5,315
8.6210373,22.5,-22.5,315
8.6406373,22.5,-22.5,315
8.6545762,22.5,-22.5,315
8.6711835,22.5,-22.5,315
8.6894305,22.5,-22.5,315
8.704554,22.5,-22.5,315
8.721194,22.5,-22.5,315
8.737887,22.5,-22.5,315
8.7545981,22.5,-22.5,315
8.7712049,22.5,-22.5,315
8.7878217,22.5,-22.5,315
8.8045557,22.5,-22.5,315
8.822822,22.5,-22.5,315
8.8379094,22.5,-22.5,315
8.8697363,0,45,270
8.8737117,0,45,270
8.8897141,0,45,270
8.9051132,0,45,270
8.9214848,0,45,270
8.9407735,0,45,270
8.9545731,0,45,270
8.9711332,0,45,270
8.9906346,0,45,270
9.004546,0,45,270
9.0212515,0,45,270
9.0380447,0,45,270
9.0547076,0,45,270
9.071117,0,45,270
9.0882776,0,45,270
9.1051909,0,45,270
9.1215261,0,45,270
9.1399754,0,45,270
9.1549001,0,45,270
9.1729236,0,45,270
9.1880769,0,45,270
9.2050789,0,45,270
9.223197,0,45,270
9.2378782,0,45,270
9.2546056,0,45,270
9.2712513,0,45,270
9.2878477,0,45,270
9.3045346,0,45,270
9.3226569,0,45,270
9.3388563,0,45,270
9.3545214,0,45,270
9.3714944,0,45,45
9.3879642,0,45,45
9.4056961,0,45,45
9.4212991,0,45,45
9.437982,0,45,45
9.4544995,0,45,45
9.4714223,0,45,45
9.4881759,0,45,45
9.5046884,0,45,45
9.5202849,0,45,45
9.5371824,0,45,45
9.5536819,0,45,45
9.5702332,0,45,45
9.5870011,0,45,45
9.6036522,0,45,45
9.6276689,0,45,45
9.638558,0,45,45
9.6536984,0,45,45
9.6702561,0,45,45
9.6876731,0,45,45
9.70393,0,45,45
9.7215773,0,45,45
9.7374326,0,45,45
9.7545321,0,45,45
9.7712587,0,45,45
9.7879228,0,45,45
9.804531,0,45,45
9.8212351,0,45,45
9.8379873,0,45,45
9.8544688,0,45,45
9.8730689,0,45,180
9.8866348,0,45,180
9.9032605,0,45,180
9.9208863,0,45,180
9.9372467,0,45,180
9.9545139,0,45,180
9.9727932,0,45,180
9.9879379,0,45,180
10.0045785,0,45,180
10.0212733,0,45,180
10.037923,0,45,180
10.0554225,0,45,180
10.0714836,0,45,180
10.0881651,0,45,180
10.1061919,0,45,180
10.1212561,0,45,180
10.1393613,0,45,180
10.1560063,0,45,180
10.1712555,0,45,180
10.1878268,0,45,180
10.2062037,0,45,180
10.2212959,0,45,180
10.2378679,0,45,180
10.2545056,0,45,180
10.2718325,0,45,180
10.2880833,0,45,180
10.3048304,0,45,180
10.3223543,0,45,180
10.3382562,0,45,180
10.3546664,0,45,180
10.3716065,0,45,135
10.3879256,0,45,135
10.4051308,0,45,135
10.4215142,0,45,135
10.4382142,0,45,135
10.4563375,0,45,135
10.4727569,0,45,135
10.4905816,0,45,135
10.5047039,0,45,135
10.5212393,0,45,135
10.537868,0,45,135
10.5546938,0,45,135
10.5712158,0,45,135
10.5878622,0,45,135
10.604528,0,45,135
10.6212025,0,45,135
10.6384364,0,45,135
10.6545722,0,45,135
10.671475,0,45,135
10.6901766,0,45,135
10.7047679,0,45,135
10.721286,0,45,135
10.7379025,0,45,135
10.7546125,0,45,135
10.7712701,0,45,135
10.7878974,0,45,135
10.8045589,0,45,135
10.8218468,0,45,135
10.8379123,0,45,135
10.8546059,0,45,135
10.8715969,0,45,315
10.8911793,0,45,315
10.9064202,0,45,315
10.9213334,0,45,315
10.9379686,0,45,315
10.9545748,0,45,315
10.9713561,0,45,315
10.9879927,0,45,315
11.0046401,0,45,315
11.0213722,0,45,315
11.0378574,0,45,315
11.0545139,0,45,315
11.0712562,0,45,315
11.0879811,0,45,315
11.1048225,0,45,315
11.1215267,0,45,315
11.139794,0,45,315
11.1546311,0,45,315
11.1717388,0,45,315
11.188903,0,45,315
11.2065797,0,45,315
11.2225794,0,45,315
11.2380238,0,45,315
11.2546677,0,45,315
11.2713738,0,45,315
11.2880117,0,45,315
11.3048749,0,45,315
11.3216606,0,45,315
11.3383755,0,45,315
11.35628,0,45,315
11.3730575,0,45,225
11.3895004,0,45,225
11.4058689,0,45,225
11.4214837,0,45,225
11.4379876,0,45,225
11.4557568,0,45,225
11.473139,0,45,225
11.4883135,0,45,225
11.5049438,0,45,225
11.5216107,0,45,225
11.5380213,0,45,225
11.5549086,0,45,225
11.5714571,0,45,225
11.5879508,0,45,225
11.6046171,0,45,225
11.6212591,0,45,225
11.6397454,0,45,225
11.6552679,0,45,225
11.6722211,0,45,225
11.6880768,0,45,225
11.7070452,0,45,225
11.7214055,0,45,225
11.7379714,0,45,225
11.7553901,0,45,225
11.771321,0,45,225
11.7879819,0,45,225
11.8046136,0,45,225
11.821365,0,45,225
11.8379926,0,45,225
11.8546821,0,45,225
11.8717402,0,45,90
11.8895743,0,45,90
11.9046547,0,45,90
11.9218302,0,45,90
11.9381009,0,45,90
11.9545943,0,45,90
11.9713198,0,45,90
11.9879804,0,45,90
12.0046321,0,45,90
12.0213292,0,45,90
12.0379107,0,45,90
12.0547405,0,45,90
12.0719356,0,45,90
12.0879645,0,45,90
12.1057957,0,45,90
12.1230204,0,45,90
12.1399316,0,45,90
12.1546546,0,45,90
12.1713302,0,45,90
12.1881156,0,45,90
12.2051821,0,45,90
12.223102,0,45,90
12.2380128,0,45,90
12.2546972,0,45,90
12.2713823,0,45,90
12.2879577,0,45,90
12.3051981,0,45,90
12.3213884,0,45,90
12.3379964,0,45,90
12.3547377,0,45,90
12.3716836,0,45,0
12.3916946,0,45,0
12.4048505,0,45,0
12.4215274,0,45,0
12.439926,0,45,0
12.4551934,0,45,0
12.4740325,0,45,0
12.4881061,0,45,0
12.5047312,0,45,0
12.5216751,0,45,0
12.5383236,0,45,0
12.5547277,0,45,0
12.5714,0,45,0
12.5880268,0,45,0
12.6047132,0,45,0
12.6214062,0,45,0
12.6400946,0,45,0
12.6547653,0,45,0
12.6713181,0,45,0
12.6885344,0,45,0
12.7052366,0,45,0
12.7222653,0,45,0
12.7389583,0,45,0
12.7546663,0,45,0
12.7713393,0,45,0
12.787964,0,45,0
12.804672,0,45,0
12.8213492,0,45,0
12.8380165,0,45,0
12.8563077,0,45,0
12.8752688,0,45,0
12.8882217,0,45,0
12.9046532,0,45,0
12.9235129,0,45,0
12.9379644,0,45,0
12.9546495,0,45,0
12.9714313,0,45,0
12.9879651,0,45,0
13.0054931,0,45,0
13.0213679,0,45,0
13.0379744,0,45,0
13.0545431,0,45,0
13.0714476,0,45,0
13.0880909,0,45,0
13.1048375,0,45,0
13.1212981,0,45,0
13.137941,0,45,0
13.1558418,0,45,0
13.1713471,0,45,0
13.1880248,0,45,0
13.2079639,0,45,0
13.2214092,0,45,0
13.2379687,0,45,0
13.2546549,0,45,0
13.2713456,0,45,0
13.2879731,0,45,0
13.3047193,0,45,0
13.3212512,0,45,0
13.3379777,0,45,0
13.3549122,0,45,0
13.3718168,0,45,0
13.3896545,0,45,0
13.4046441,0,45,0
13.4216588,0,45,0
13.4382347,0,45,0
13.4546439,0,45,0
13.471259,0,45,0
13.4879215,0,45,0
13.5050688,0,45,0
13.5214719,0,45,0
13.5379649,0,45,0
13.5546326,0,45,0
13.5712403,0,45,0
13.5893375,0,45,0
13.6050188,0,45,0
13.6216382,0,45,0
13.6459334,0,45,0
13.6558343,0,45,0
13.6720463,0,45,0
13.6892824,0,45,0
13.7051675,0,45,0
13.7238094,0,45,0
13.7397807,0,45,0
13.755,0,45,0
13.7716896,0,45,0
13.7895921,0,45,0
13.8049611,0,45,0
13.8222233,0,45,0
13.8383855,0,45,0
13.8545919,0,45,0
13.8718215,0,45,0
13.8930088,0,45,0
13.9053873,0,45,0
13.9217516,0,45,0
13.9414567,0,45,0
13.9551615,0,45,0
13.9725359,0,45,0
13.9886217,0,45,0
14.0056526,0,45,0
14.0229337,0,45,0
14.0390299,0,45,0
14.0554842,0,45,0
14.0733685,0,45,0
14.0892151,0,45,0
14.10882,0,45,0
14.1221996,0,45,0
14.1421624,0,45,0
14.1553846,0,45,0
14.1727161,0,45,0
14.1879892,0,45,0
14.2055799,0,45,0
14.2212146,0,45,0
14.2373689,0,45,0
14.253543,0,45,0
14.270546,0,45,0
14.2867708,0,45,0
14.3038519,0,45,0
14.3200073,0,45,0
14.3369801,0,45,0
14.3535354,0,45,0
14.37038,0,45,0
14.3879451,0,45,0
14.403751,0,45,0
14.4210958,0,45,0
14.4386235,0,45,0
14.4553946,0,45,0
14.4712035,0,45,0
14.487941,0,45,0
14.5072951,0,45,0
14.5212795,0,45,0
14.5400679,0,45,0
14.554721,0,45,0
14.5713613,0,45,0
14.5879641,0,45,0
14.6046829,0,45,0
14.6212989,0,45,0
14.6379526,0,45,0
14.6546143,0,45,0
14.6712596,0,45,0
14.6879533,0,45,0
14.7048262,0,45,0
14.722413,0,45,0
14.737956,0,45,0
14.7570023,0,45,0
14.7712808,0,45,0
14.7879542,0,45,0
14.8051793,0,45,0
14.821251,0,45,0
14.8379876,0,45,0
14.8545645,0,45,0
14.8795667,45,-45,0
14.8914215,45,-45,0
14.905376,45,-45,0
14.9213473,45,-45,0
14.9381649,45,-45,0
14.9575644,45,-45,0
14.9722146,45,-45,0
14.9880075,45,-45,0
15.0047491,45,-45,0
15.021365,45,-45,0
15.0379626,45,-45,0
15.0546017,45,-45,0
15.0712662,45,-45,0
15.0879832,45,-45,0
15.1062245,45,-45,0
15.121379,45,-45,0
15.1392107,45,-45,0
15.1554117,45,-45,0
15.1742079,45,-45,0
15.187979,45,-45,0
15.2046158,45,-45,0
15.221269,45,-45,0
15.2381104,45,-45,0
15.2545866,45,-45,0
15.2713165,45,-45,0
15.287976,45,-45,0
15.3047559,45,-45,0
15.321358,45,-45,0
15.3379927,45,-45,0
15.3571817,45,-45,0
15.3714126,45,-45,0
15.3913477,45,-45,270
15.4047378,45,-45,270
15.4213457,45,-45,270
15.4387598,45,-45,270
15.4545503,45,-45,270
15.4732928,45,-45,270
15.4893389,45,-45,270
15.5075337,45,-45,270
15.5217026,45,-45,270
15.5382116,45,-45,270
15.5549599,45,-45,270
15.5716644,45,-45,270
15.5882617,45,-45,270
15.6049746,45,-45,270
15.6218181,45,-45,270
15.6389361,45,-45,270
15.6547323,45,-45,270
15.6713422,45,-45,270
15.6880018,45,-45,270
15.7054944,45,-45,270
15.722749,45,-45,270
15.7379846,45,-45,270
15.7546286,45,-45,270
15.7714788,45,-45,270
15.7879715,45,-45,270
15.8049516,45,-45,270
15.8212954,45,-45,270
15.8380759,45,-45,270
15.854684,45,-45,270
15.8718674,45,-45,270
15.8889289,45,-45,45
15.9047115,45,-45,45
15.9213005,45,-45,45
15.9391763,45,-45,45
15.9546551,45,-45,45
15.9718531,45,-45,45
15.9900906,45,-45,45
16.0049174,45,-45,45
16.0213564,45,-45,45
16.0381711,45,-45,45
16.0549961,45,-45,45
16.0716213,45,-45,45
16.0897113,45,-45,45
16.1065904,45,-45,45
16.1214021,45,-45,45
16.1393151,45,-45,45
16.1550918,45,-45,45
16.1717883,45,-45,45
16.1882769,45,-45,45
16.2047759,45,-45,45
16.2213965,45,-45,45
16.23806,45,-45,45
16.254742,45,-45,45
16.2713611,45,-45,45
16.2882801,45,-45,45
16.3047587,45,-45,45
16.322459,45,-45,45
16.3380804,45,-45,45
16.3552418,45,-45,45
16.3714314,45,-45,45
16.3884022,45,-45,135
16.4055421,45,-45,135
16.4213743,45,-45,135
16.4380997,45,-45,135
16.4547132,45,-45,135
16.4713268,45,-45,135
16.4880066,45,-45,135
16.5048675,45,-45,135
16.5213814,45,-45,135
16.5380616,45,-45,135
16.5546957,45,-45,135
16.5714465,45,-45,135
16.5880987,45,-45,135
16.6046863,45,-45,135
16.6213807,45,-45,135
16.6380766,45,-45,135
16.6547328,45,-45,135
16.6713812,45,-45,135
16.6880334,45,-45,135
16.7075296,45,-45,135
16.7223831,45,-45,135
16.7380297,45,-45,135
16.7546797,45,-45,135
16.7713928,45,-45,135
16.7879821,45,-45,135
16.8047369,45,-45,135
16.8214287,45,-45,135
16.8380987,45,-45,135
16.8547433,45,-45,135
16.8727305,45,-45,135
16.8884432,45,-45,225
16.9047785,45,-45,225
16.9214093,45,-45,225
16.938336,45,-45,225
16.9557287,45,-45,225
16.9718681,45,-45,225
16.9882867,45,-45,225
17.0048005,45,-45,225
17.0215276,45,-45,225
17.0380733,45,-45,225
17.0547259,45,-45,225
17.0714025,45,-45,225
17.0881044,45,-45,225
17.1047119,45,-45,225
17.1218094,45,-45,225
17.1380898,45,-45,225
17.1548362,45,-45,225
17.1724381,45,-45,225
17.1881336,45,-45,225
17.2047512,45,-45,225
17.2230768,45,-45,225
17.2382184,45,-45,225
17.2548713,45,-45,225
17.2714299,45,-45,225
17.2881192,45,-45,225
17.3047553,45,-45,225
17.3213968,45,-45,225
17.3381048,45,-45,225
17.3549281,45,-45,225
17.3714025,45,-45,225
17.3885165,45,-45,315
17.404842,45,-45,315
17.421478,45,-45,315
17.4381636,45,-45,315
17.4547376,45,-45,315
17.471805,45,-45,315
17.4881236,45,-45,315
17.5048493,45,-45,315
17.5216116,45,-45,315
17.5382387,45,-45,315
17.5550422,45,-45,315
17.5715541,45,-45,315
17.5881251,45,-45,315
17.6046919,45,-45,315
17.6214852,45,-45,315
17.6397506,45,-45,315
17.654813,45,-45,315
17.6714332,45,-45,315
17.6881082,45,-45,315
17.7074074,45,-45,315
17.7236764,45,-45,315
17.738127,45,-45,315
17.7554983,45,-45,315
17.7714574,45,-45,315
17.7881219,45,-45,315
17.804793,45,-45,315
17.8213624,45,-45,315
17.8381184,45,-45,315
17.8551762,45,-45,315
17.871537,45,-45,315
17.8905275,45,-45,180
17.9060559,45,-45,180
17.9225187,45,-45,180
17.9384948,45,-45,180
17.9556596,45,-45,180
17.972262,45,-45,180
17.9881217,45,-45,180
18.0052315,45,-45,180
18.0214657,45,-45,180
18.0380956,45,-45,180
18.0547046,45,-45,180
18.0714325,45,-45,180
18.0881025,45,-45,180
18.1046946,45,-45,180
18.1238122,45,-45,180
18.1380709,45,-45,180
18.1547831,45,-45,180
18.1719746,45,-45,180
18.188113,45,-45,180
18.2048516,45,-45,180
18.2215011,45,-45,180
18.2380909,45,-45,180
18.2548458,45,-45,180
18.271421,45,-45,180
18.2881776,45,-45,180
18.3049036,45,-45,180
18.3215112,45,-45,180
18.3404271,45,-45,180
18.354777,45,-45,180
18.3714091,45,-45,180
18.3883648,45,-45,90
18.4048051,45,-45,90
18.421443,45,-45,90
18.4395849,45,-45,90
18.4547678,45,-45,90
18.4714654,45,-45,90
18.4879889,45,-45,90
18.5048002,45,-45,90
18.5214095,45,-45,90
18.5380757,45,-45,90
18.5549308,45,-45,90
18.5714147,45,-45,90
18.5881581,45,-45,90
18.6065853,45,-45,90
18.6215326,45,-45,90
18.6399407,45,-45,90
18.6553265,45,-45,90
18.6714575,45,-45,90
18.6883755,45,-45,90
18.7056728,45,-45,90
18.7214539,45,-45,90
18.7394628,45,-45,90
18.7547846,45,-45,90
18.7714603,45,-45,90
18.7880395,45,-45,90
18.8047134,45,-45,90
18.8213951,45,-45,90
18.8381481,45,-45,90
18.8547489,45,-45,90
18.8714317,45,-45,90
18.8913365,45,-45,90
18.9049615,45,-45,90
18.9213963,45,-45,90
18.9380639,45,-45,90
18.9546992,45,-45,90
18.9714316,45,-45,90
18.9880814,45,-45,90
19.0047423,45,-45,90
19.0213031,45,-45,90
19.0380823,45,-45,90
19.0547495,45,-45,90
19.0714256,45,-45,90
19.0880417,45,-45,90
19.1052733,45,-45,90
19.1215759,45,-45,90
19.1380822,45,-45,90
19.1548263,45,-45,90
19.1713661,45,-45,90
19.1882011,45,-45,90
19.2047176,45,-45,90
19.2214119,45,-45,90
19.2384815,45,-45,90
19.2548703,45,-45,90
19.2715247,45,-45,90
19.2887428,45,-45,90
19.3046178,45,-45,90
19.3238709,45,-45,90
19.3392846,45,-45,90
19.357264,45,-45,90
19.3713944,45,-45,90
19.389654,45,-45,90
19.4046664,45,-45,90
19.4220172,45,-45,90
19.4380149,45,-45,90
19.4546982,45,-45,90
19.4723269,45,-45,90
19.4889709,45,-45,90
19.504355,45,-45,90
19.5210643,45,-45,90
19.5377435,45,-45,90
19.55437,45,-45,90
19.5712926,45,-45,90
19.5877643,45,-45,90
19.6044641,45,-45,90
19.6211295,45,-45,90
19.6414897,45,-45,90
19.6545521,45,-45,90
19.6711468,45,-45,90
19.687828,45,-45,90
19.7046137,45,-45,90
19.722624,45,-45,90
19.73778,45,-45,90
19.7547949,45,-45,90
19.771032,45,-45,90
19.7878694,45,-45,90
19.8045067,45,-45,90
19.8213973,45,-45,90
19.837825,45,-45,90
19.8544448,45,-45,90
19.8713716,45,-45,90
19.8904985,45,-45,90
19.9047249,45,-45,90
19.9220422,45,-45,90
19.9397063,45,-45,90
19.9546767,45,-45,90
19.9714006,45,-45,90
19.9880497,45,-45,90
20.0046386,45,-45,90
20.0216629,45,-45,90
20.0379523,45,-45,90
20.0548713,45,-45,90
20.0714372,45,-45,90
20.0880306,45,-45,90
20.1048708,45,-45,90
20.1232189,45,-45,90
20.138051,45,-45,90
20.1547461,45,-45,90
20.1726711,45,-45,90
20.1882403,45,-45,90
20.206621,45,-45,90
20.2226508,45,-45,90
20.2380348,45,-45,90
20.2548567,45,-45,90
20.2732189,45,-45,90
20.2880236,45,-45,90
20.3047238,45,-45,90
20.321359,45,-45,90
20.3380506,45,-45,90
20.3548498,45,-45,90
20.3713226,45,-45,90
20.3887938,45,-45,90
20.404687,45,-45,90
20.4237184,45,-45,90
20.4380841,45,-45,90
20.4546718,45,-45,90
20.4713494,45,-45,90
20.4880388,45,-45,90
20.5046974,45,-45,90
20.5213077,45,-45,90
20.5379836,45,-45,90
20.5547383,45,-45,90
20.5714096,45,-45,90
20.5880817,45,-45,90
20.6046824,45,-45,90
20.6217853,45,-45,90
20.6408574,45,-45,90
20.6551555,45,-45,90
20.6715405,45,-45,90
20.6881606,45,-45,90
20.704652,45,-45,90
20.7222017,45,-45,90
20.7382505,45,-45,90
20.7547187,45,-45,90
20.7713698,45,-45,90
20.7880366,45,-45,90
20.8046726,45,-45,90
20.8213903,45,-45,90
20.838044,45,-45,90
20.8547274,45,-45,90
20.8714744,45,-45,90
20.8976664,-22.5,0,225
20.9051244,-22.5,0,225
20.9219537,-22.5,0,225
20.9382919,-22.5,0,225
20.955856,-22.5,0,225
20.9717081,-22.5,0,225
20.9879816,-22.5,0,225
21.0048918,-22.5,0,225
21.0215192,-22.5,0,225
21.0380129,-22.5,0,225
21.0546082,-22.5,0,225
21.0718294,-22.5,0,225
21.0880505,-22.5,0,225
21.1065067,-22.5,0,225
21.1214148,-22.5,0,225
21.1402888,-22.5,0,225
21.1547047,-22.5,0,225
21.1713397,-22.5,0,225
21.1880628,-22.5,0,225
21.2047079,-22.5,0,225
21.2213432,-22.5,0,225
21.2389281,-22.5,0,225
21.2547247,-22.5,0,225
21.2714278,-22.5,0,225
21.2891929,-22.5,0,225
21.3048859,-22.5,0,225
21.3214276,-22.5,0,225
21.3380232,-22.5,0,225
21.3562405,-22.5,0,225
21.3714928,-22.5,0,225
21.3888949,-22.5,0,225
21.4057039,-22.5,0,45
21.4214496,-22.5,0,45
21.4380696,-22.5,0,45
21.4558586,-22.5,0,45
21.4724305,-22.5,0,45
21.4882679,-22.5,0,45
21.5047761,-22.5,0,45
21.5213748,-22.5,0,45
21.5380468,-22.5,0,45
21.5546481,-22.5,0,45
21.5713998,-22.5,0,45
21.5880788,-22.5,0,45
21.6046614,-22.5,0,45
21.6213912,-22.5,0,45
21.6405089,-22.5,0,45
21.6561568,-22.5,0,45
21.6713764,-22.5,0,45
21.6894924,-22.5,0,45
21.7052898,-22.5,0,45
21.7217019,-22.5,0,45
21.7380433,-22.5,0,45
21.7547863,-22.5,0,45
21.7715146,-22.5,0,45
21.7880977,-22.5,0,45
21.8047402,-22.5,0,45
21.8216191,-22.5,0,45
21.8380905,-22.5,0,45
21.8547204,-22.5,0,45
21.8715981,-22.5,0,45
21.890497,-22.5,0,45
21.9050661,-22.5,0,135
21.9213824,-22.5,0,135
21.9380693,-22.5,0,135
21.9549799,-22.5,0,135
21.9716241,-22.5,0,135
21.9881008,-22.5,0,135
22.0057609,-22.5,0,135
22.0213888,-22.5,0,135
22.038161,-22.5,0,135
22.0555987,-22.5,0,135
22.0715176,-22.5,0,135
22.0880964,-22.5,0,135
22.1063079,-22.5,0,135
22.1214212,-22.5,0,135
22.1407233,-22.5,0,135
22.1554165,-22.5,0,135
22.1716302,-22.5,0,135
22.1881132,-22.5,0,135
22.2046417,-22.5,0,135
22.2217095,-22.5,0,135
22.238057,-22.5,0,135
22.2548457,-22.5,0,135
22.2714139,-22.5,0,135
22.2883452,-22.5,0,135
22.3047465,-22.5,0,135
22.3213582,-22.5,0,135
22.3380926,-22.5,0,135
22.3549382,-22.5,0,135
22.3714437,-22.5,0,135
22.3917973,-22.5,0,135
22.4054211,-22.5,0,90
22.4214276,-22.5,0,90
22.4388959,-22.5,0,90
22.4547386,-22.5,0,90
22.4713702,-22.5,0,90
22.4881216,-22.5,0,90
22.5048197,-22.5,0,90
22.5215655,-22.5,0,90
22.5381362,-22.5,0,90
22.5548028,-22.5,0,90
22.5713885,-22.5,0,90
22.5881063,-22.5,0,90
22.6047301,-22.5,0,90
22.623126,-22.5,0,90
22.639743,-22.5,0,90
22.6547959,-22.5,0,90
22.6718151,-22.5,0,90
22.688082,-22.5,0,90
22.7048865,-22.5,0,90
22.7213855,-22.5,0,90
22.7380817,-22.5,0,90
22.7547528,-22.5,0,90
22.77154,-22.5,0,90
22.7880903,-22.5,0,90
22.8047565,-22.5,0,90
22.8216392,-22.5,0,90
22.8380942,-22.5,0,90
22.8565461,-22.5,0,90
22.8714503,-22.5,0,90
22.8900065,-22.5,0,90
22.9058514,-22.5,0,315
22.9214914,-22.5,0,315
22.9386908,-22.5,0,315
22.9550751,-22.5,0,315
22.9718578,-22.5,0,315
22.9884386,-22.5,0,315
23.0059172,-22.5,0,315
23.0216993,-22.5,0,315
23.0380814,-22.5,0,315
23.0548095,-22.5,0,315
23.0714954,-22.5,0,315
23.08814,-22.5,0,315
23.1047579,-22.5,0,315
23.121491,-22.5,0,315
23.1393474,-22.5,0,315
23.1547077,-22.5,0,315
23.1714792,-22.5,0,315
23.1881652,-22.5,0,315
23.2070161,-22.5,0,315
23.2236213,-22.5,0,315
23.2381723,-22.5,0,315
23.2549933,-22.5,0,315
23.2714784,-22.5,0,315
23.2881519,-22.5,0,315
23.3048408,-22.5,0,315
23.3216433,-22.5,0,315
23.3381489,-22.5,0,315
23.3547873,-22.5,0,315
23.3715478,-22.5,0,315
23.3885581,-22.5,0,315
23.406091,-22.5,0,180
23.4215418,-22.5,0,180
23.4381248,-22.5,0,180
23.4548357,-22.5,0,180
23.471538,-22.5,0,180
23.4881428,-22.5,0,180
23.5059901,-22.5,0,180
23.5214902,-22.5,0,180
23.5382108,-22.5,0,180
23.5548918,-22.5,0,180
23.5723264,-22.5,0,180
23.588193,-22.5,0,180
23.604971,-22.5,0,180
23.6222381,-22.5,0,180
23.6398128,-22.5,0,180
23.6551351,-22.5,0,180
23.6714511,-22.5,0,180
23.6887302,-22.5,0,180
23.7050543,-22.5,0,180
23.7219294,-22.5,0,180
23.7380765,-22.5,0,180
23.7548491,-22.5,0,180
23.7714391,-22.5,0,180
23.7881464,-22.5,0,180
23.8048171,-22.5,0,180
23.8214944,-22.5,0,180
23.8381085,-22.5,0,180
23.8565302,-22.5,0,180
23.8715877,-22.5,0,180
23.8910948,-22.5,0,180
23.905236,-22.5,0,0
23.9217453,-22.5,0,0
23.9381802,-22.5,0,0
23.9547317,-22.5,0,0
23.9714789,-22.5,0,0
23.9881835,-22.5,0,0
24.005614,-22.5,0,0
24.0220341,-22.5,0,0
24.0381777,-22.5,0,0
24.0548759,-22.5,0,0
24.0714849,-22.5,0,0
24.088177,-22.5,0,0
24.104759,-22.5,0,0
24.1215136,-22.5,0,0
24.1423127,-22.5,0,0
24.155449,-22.5,0,0
24.1715721,-22.5,0,0
24.1881518,-22.5,0,0
24.2047687,-22.5,0,0
24.2217121,-22.5,0,0
24.2380826,-22.5,0,0
24.2547045,-22.5,0,0
24.2714813,-22.5,0,0
24.2881704,-22.5,0,0
24.3048017,-22.5,0,0
24.3218445,-22.5,0,0
24.338302,-22.5,0,0
24.3548246,-22.5,0,0
24.3720113,-22.5,0,0
24.3896382,-22.5,0,0
24.4060078,-22.5,0,270
24.4215126,-22.5,0,270
24.4383487,-22.5,0,270
24.4551497,-22.5,0,270
24.4708072,-22.5,0,270
24.486959,-22.5,0,270
24.5039026,-22.5,0,270
24.5206273,-22.5,0,270
24.5372909,-22.5,0,270
24.5542816,-22.5,0,270
24.5716353,-22.5,0,270
24.5882118,-22.5,0,270
24.6048185,-22.5,0,270
24.6218625,-22.5,0,270
24.6414986,-22.5,0,270
24.6550081,-22.5,0,270
24.6718114,-22.5,0,270
24.6884786,-22.5,0,270
24.7088975,-22.5,0,270
24.7239107,-22.5,0,270
24.7382991,-22.5,0,270
24.7552668,-22.5,0,270
24.7715452,-22.5,0,270
24.7882187,-22.5,0,270
24.8048558,-22.5,0,270
24.821505,-22.5,0,270
24.8382801,-22.5,0,270
24.8548731,-22.5,0,270
24.8714776,-22.5,0,270
24.8893954,-22.5,0,270
24.9068154,-22.5,0,270
24.9228191,-22.5,0,270
24.9381748,-22.5,0,270
24.9569851,-22.5,0,270
24.9732599,-22.5,0,270
24.9881022,-22.5,0,270
25.0048007,-22.5,0,270
25.0214743,-22.5,0,270
25.0381451,-22.5,0,270
25.0547909,-22.5,0,270
25.0715291,-22.5,0,270
25.0881783,-22.5,0,270
25.1059199,-22.5,0,270
25.1231685,-22.5,0,270
25.1386793,-22.5,0,270
25.155507,-22.5,0,270
25.1714797,-22.5,0,270
25.1881449,-22.5,0,270
25.2047786,-22.5,0,270
25.2227227,-22.5,0,270
25.2381521,-22.5,0,270
25.2547941,-22.5,0,270
25.2715191,-22.5,0,270
25.2880721,-22.5,0,270
25.3047907,-22.5,0,270
25.3214505,-22.5,0,270
25.3382135,-22.5,0,270
25.3547585,-22.5,0,270
25.371998,-22.5,0,270
25.3891822,-22.5,0,270
25.4048813,-22.5,0,270
25.4214686,-22.5,0,270
25.4382358,-22.5,0,270
25.4548034,-22.5,0,270
25.4731379,-22.5,0,270
25.4881278,-22.5,0,270
25.5049384,-22.5,0,270
25.5215001,-22.5,0,270
25.5381425,-22.5,0,270
25.5548001,-22.5,0,270
25.5714828,-22.5,0,270
25.5882669,-22.5,0,270
25.6047861,-22.5,0,270
25.6230104,-22.5,0,270
25.6397509,-22.5,0,270
25.6551403,-22.5,0,270
25.6715184,-22.5,0,270
25.688147,-22.5,0,270
25.7048137,-22.5,0,270
25.7224347,-22.5,0,270
25.7375748,-22.5,0,270
25.7541237,-22.5,0,270
25.7713164,-22.5,0,270
25.788225,-22.5,0,270
25.8048158,-22.5,0,270
25.8215043,-22.5,0,270
25.8381531,-22.5,0,270
25.8570298,-22.5,0,270
25.8713802,-22.5,0,270
25.8896991,-22.5,0,270
25.9053212,-22.5,0,270
25.9214736,-22.5,0,270
25.9389005,-22.5,0,270
25.9549033,-22.5,0,270
25.973852,-22.5,0,270
25.9880975,-22.5,0,270
26.0051503,-22.5,0,270
26.0214405,-22.5,0,270
26.0381011,-22.5,0,270
26.0550884,-22.5,0,270
26.0721787,-22.5,0,270
26.088109,-22.5,0,270
26.1086178,-22.5,0,270
26.1216395,-22.5,0,270
26.1409201,-22.5,0,270
26.1555616,-22.5,0,270
26.1714241,-22.5,0,270
26.188341,-22.5,0,270
26.2075237,-22.5,0,270
26.2214376,-22.5,0,270
26.2381388,-22.5,0,270
26.2557799,-22.5,0,270
26.2715034,-22.5,0,270
